번호,제목,주차,상태,제출일
T01,나를 소개하는 한 페이지,1주차,승인,2026-09-07
T02,내가 설계한 미니게임,1주차,승인,2026-09-08
T03,짤·카드 스튜디오,2주차,승인,2026-09-11
T04,오늘의 진짜 정보판 — 데이터가 안 올 때,2주차,승인,2026-09-15
T05,대화가 끊겨도 이어지는 프로젝트,3주차,승인,2026-09-15
T06,플랜두씨 다이어리 1 — 내 계획과 실제를 담는 앱,3주차,승인,2026-09-21
T07,"플랜두씨 다이어리 2 — 인증을 붙이고, 어떻게 붙였는지 설명하기",4주차,승인,2026-09-28
T08,내 소개 페이지에 패스키 달기 — 비밀번호 없이 나만 들어가기,4주차,승인,2026-09-28
T09,나를 말하는 에이전트: 리추얼 기록에서 내 강점과 이야기를 찾습니다,5주차,승인,2026-09-28
T10,AI와 함께 쓰는 첫 논문 — 가설에서 결론까지,5주차,승인,2026-10-02
T11,나에 대한 3만 자 장편소설,6주차,승인,2026-10-07
